{"cameraMode":{"drawMode":0,"name":"Shaded","section":"Shading Mode"},"sceneLighting":true,"audioPlay":false,"sceneViewState":{"showFog":true,"showMaterialUpdate":true,"showSkybox":true,"showFlares":true,"showImageEffects":true,"showParticleSystems":true},"in2DMode":false,"pivot":{"x":64.59402465820313,"y":18.36549186706543,"z":103.07098388671875},"rotation":{"x":0.013051308691501618,"y":0.25570377707481387,"z":-0.003452454460784793,"w":0.9666609764099121},"size":187.96731567382813,"orthographic":false}