{"cameraMode":{"drawMode":0,"name":"Shaded","section":"Shading Mode"},"sceneLighting":true,"audioPlay":false,"sceneViewState":{"showFog":true,"showMaterialUpdate":true,"showSkybox":true,"showFlares":true,"showImageEffects":true,"showParticleSystems":true},"in2DMode":false,"pivot":{"x":-2.6828935146331789,"y":-14.32469367980957,"z":68.18157958984375},"rotation":{"x":0.16277264058589936,"y":-0.002368013374507427,"z":0.0003907033533323556,"w":0.9866607189178467},"size":139.2482147216797,"orthographic":false}